SECCION,lista_nominal,votantes,no_votantes,no_sabe,participacion,abstencion,lista_nominal_hombre,lista_nominal_mujer,participacion_hombre,participacion_mujer,votantes_hombre,votantes_mujer,brecha_part_m_h,indice_oportunidad_0_100,nivel_oportunidad
2540,223,110,113,0,0.493274,0.506726,112,111,0.517857,0.468468,58,52,-0.049389,11.115813,Baja
2541,369,165,204,0,0.447154,0.552846,193,176,0.471503,0.420455,91,74,-0.051048,13.773935,Baja
2542,288,139,149,0,0.482639,0.517361,152,136,0.5,0.463235,76,63,-0.036765,11.872883,Baja
2543,344,181,163,0,0.526163,0.473837,170,174,0.558824,0.494253,95,86,-0.064571,10.300296,Baja
2544,277,154,123,0,0.555957,0.444043,139,138,0.597122,0.514493,83,71,-0.08263,8.744975,Baja
2545,402,180,222,0,0.447761,0.552239,208,194,0.5,0.391753,104,76,-0.108247,13.915251,Baja
2546,441,195,246,0,0.442177,0.557823,215,226,0.493023,0.393805,106,89,-0.099218,14.352756,Baja
2547,266,108,158,0,0.406015,0.593985,134,132,0.432836,0.378788,58,50,-0.054048,14.974278,Baja
2548,384,199,185,0,0.518229,0.481771,203,181,0.527094,0.508287,107,92,-0.018806,10.821018,Baja
2549,280,154,126,0,0.55,0.45,147,133,0.605442,0.488722,89,65,-0.11672,9.008015,Baja
2550,291,176,115,0,0.604811,0.395189,153,138,0.620915,0.586957,95,81,-0.033959,6.753144,Baja
2551,440,230,210,0,0.522727,0.477273,232,208,0.551724,0.490385,128,102,-0.06134,10.886218,Baja
2552,283,153,130,0,0.540636,0.459364,139,144,0.561151,0.520833,78,75,-0.040318,9.4143,Baja
2553,197,98,99,0,0.497462,0.502538,106,91,0.443396,0.56044,47,51,0.117043,10.818159,Baja
2554,415,227,188,0,0.546988,0.453012,212,203,0.561321,0.53202,119,108,-0.029301,9.732853,Baja
2555,380,174,206,0,0.457895,0.542105,183,197,0.459016,0.456853,84,90,-0.002164,13.372246,Baja
2556,419,190,229,0,0.453461,0.546539,215,204,0.455814,0.45098,98,92,-0.004834,13.757183,Baja
2557,280,165,115,0,0.589286,0.410714,153,127,0.575163,0.606299,88,77,0.031136,7.359787,Baja
2558,224,128,96,0,0.571429,0.428571,116,108,0.577586,0.564815,67,61,-0.012771,7.869432,Baja
2559,338,159,179,0,0.470414,0.529586,179,159,0.469274,0.471698,84,75,0.002424,12.632391,Baja
2560,468,264,204,0,0.564103,0.435897,242,226,0.603306,0.522124,146,118,-0.081182,9.229304,Baja
2561,256,142,114,0,0.554688,0.445312,132,124,0.575758,0.532258,76,66,-0.0435,8.706132,Baja
2562,496,216,280,0,0.435484,0.564516,243,253,0.473251,0.399209,115,101,-0.074042,14.92323,Baja
2563,387,194,193,0,0.501292,0.498708,218,169,0.527523,0.467456,115,79,-0.060067,11.556988,Baja
2564,427,253,174,0,0.592506,0.407494,232,195,0.603448,0.579487,140,113,-0.023961,7.833802,Baja
2565,256,131,125,0,0.511719,0.488281,136,120,0.5,0.525,68,63,0.025,10.502325,Baja
2566,133,85,48,0,0.639098,0.360902,73,60,0.712329,0.55,52,33,-0.162329,4.704364,Baja
2567,397,187,210,0,0.471033,0.528967,212,185,0.443396,0.502703,94,93,0.059306,12.896261,Baja
2568,203,124,79,0,0.610837,0.389163,102,101,0.686275,0.534653,70,54,-0.151621,6.145501,Baja
2569,162,76,86,0,0.469136,0.530864,84,78,0.5,0.435897,42,34,-0.064103,11.819144,Baja
2570,336,153,183,0,0.455357,0.544643,170,166,0.429412,0.481928,73,80,0.052516,13.25963,Baja
2571,414,236,178,0,0.570048,0.429952,223,191,0.618834,0.513089,138,98,-0.105745,8.741275,Baja
2572,233,103,130,0,0.44206,0.55794,116,117,0.422414,0.461538,49,54,0.039125,13.29691,Baja
2573,228,116,112,0,0.508772,0.491228,124,104,0.540323,0.471154,67,49,-0.069169,10.494578,Baja
2574,210,122,88,0,0.580952,0.419048,109,101,0.587156,0.574257,64,58,-0.012899,7.414213,Baja
2575,132,84,48,0,0.636364,0.363636,69,63,0.594203,0.68254,41,43,0.088337,4.812652,Baja
2576,349,165,184,0,0.472779,0.527221,161,188,0.496894,0.452128,80,85,-0.044767,12.586243,Baja
2577,232,129,103,0,0.556034,0.443966,105,127,0.6,0.519685,63,66,-0.080315,8.544812,Baja
2578,147,84,63,0,0.571429,0.428571,81,66,0.567901,0.575758,46,38,0.007856,7.540051,Baja
2579,154,89,65,0,0.577922,0.422078,87,67,0.551724,0.61194,48,41,0.060216,7.302763,Baja
2581,225,128,97,0,0.568889,0.431111,120,105,0.575,0.561905,69,59,-0.013095,7.979373,Baja
2582,239,145,94,0,0.606695,0.393305,136,103,0.588235,0.631068,80,65,0.042833,6.46321,Baja
2583,357,196,161,0,0.54902,0.45098,199,158,0.562814,0.531646,112,84,-0.031169,9.389501,Baja
2584,208,115,93,0,0.552885,0.447115,110,98,0.609091,0.489796,67,48,-0.119295,8.570509,Baja
2585,187,116,71,0,0.620321,0.379679,112,75,0.633929,0.6,71,45,-0.033929,5.6888,Baja
2586,309,141,168,0,0.456311,0.543689,167,142,0.449102,0.464789,75,66,0.015687,13.084023,Baja
2587,337,194,143,0,0.575668,0.424332,173,164,0.647399,0.5,112,82,-0.147399,8.173422,Baja
2588,300,180,120,0,0.6,0.4,169,131,0.60355,0.59542,102,78,-0.00813,6.99219,Baja
2589,321,0,0,321,0.0,0.0,161,160,0.0,0.0,0,0,0.0,30.366374,Baja
2590,345,160,185,0,0.463768,0.536232,176,169,0.517045,0.408284,91,69,-0.108761,12.948414,Baja
2591,360,167,193,0,0.463889,0.536111,186,174,0.494624,0.431034,92,75,-0.063589,13.01772,Baja
2592,301,150,151,0,0.498339,0.501661,150,151,0.58,0.417219,87,63,-0.162781,11.275045,Baja
2593,310,140,170,0,0.451613,0.548387,147,163,0.496599,0.411043,73,67,-0.085556,13.287024,Baja
2594,622,303,319,0,0.487138,0.512862,319,303,0.507837,0.465347,162,141,-0.04249,13.291648,Baja
2595,427,286,141,0,0.669789,0.330211,242,185,0.690083,0.643243,167,119,-0.046839,4.519144,Baja
2596,542,297,245,0,0.54797,0.45203,275,267,0.585455,0.509363,161,136,-0.076091,10.252996,Baja
2597,991,581,410,0,0.586276,0.413724,527,464,0.59962,0.571121,316,265,-0.0285,10.460335,Baja
2598,142,90,52,0,0.633803,0.366197,86,56,0.604651,0.678571,52,38,0.07392,4.956492,Baja
2599,249,144,105,0,0.578313,0.421687,139,110,0.589928,0.563636,82,62,-0.026292,7.688884,Baja
2600,330,186,144,0,0.563636,0.436364,176,154,0.573864,0.551948,101,85,-0.021916,8.652264,Baja
2601,517,226,291,0,0.437137,0.562863,250,267,0.52,0.359551,130,96,-0.160449,14.959352,Baja
2602,373,167,206,0,0.447721,0.552279,186,187,0.462366,0.433155,86,81,-0.029211,13.770095,Baja
2603,281,125,156,0,0.44484,0.55516,159,122,0.496855,0.377049,79,46,-0.119806,13.425082,Baja
2604,881,249,632,0,0.282633,0.717367,433,448,0.30254,0.263393,131,118,-0.039148,23.899928,Baja
2605,352,153,199,0,0.434659,0.565341,194,158,0.474227,0.386076,92,61,-0.088151,14.217744,Baja
2606,427,157,270,0,0.367681,0.632319,205,222,0.404878,0.333333,83,74,-0.071545,17.476444,Baja
2607,6199,1817,4382,0,0.293112,0.706888,3129,3070,0.322148,0.263518,1008,809,-0.05863,55.580665,Media
2608,521,194,327,0,0.372361,0.627639,250,271,0.44,0.309963,110,84,-0.130037,17.79684,Baja
2609,439,137,302,0,0.312073,0.687927,230,209,0.321739,0.301435,74,63,-0.020304,19.932601,Baja
2610,783,349,434,0,0.445722,0.554278,380,403,0.465789,0.426799,177,172,-0.03899,15.936754,Baja
2611,552,250,302,0,0.452899,0.547101,279,273,0.53405,0.369963,149,101,-0.164087,14.450437,Baja
2612,785,135,257,393,0.171975,0.327389,388,397,0.185567,0.15869,72,63,-0.026877,25.811963,Baja
2613,5124,1533,3591,0,0.29918,0.70082,2600,2524,0.315385,0.282488,820,713,-0.032897,48.638112,Media
2614,909,270,639,0,0.29703,0.70297,422,487,0.338863,0.26078,143,127,-0.078082,23.409544,Baja
2615,497,163,334,0,0.327968,0.672032,243,254,0.390947,0.267717,95,68,-0.12323,19.587558,Baja
2616,1156,547,609,0,0.473183,0.526817,565,591,0.472566,0.473773,267,280,0.001207,16.525356,Baja
2617,958,382,576,0,0.398747,0.601253,484,474,0.415289,0.381857,201,181,-0.033433,18.998554,Baja
2618,6024,1391,3964,669,0.23091,0.658035,3046,2978,0.247209,0.214238,753,638,-0.032972,55.149904,Media
2619,665,211,454,0,0.317293,0.682707,338,327,0.325444,0.308869,110,101,-0.016575,21.040279,Baja
2620,575,221,354,0,0.384348,0.615652,292,283,0.424658,0.342756,124,97,-0.081901,17.570791,Baja
2621,331,183,148,0,0.55287,0.44713,162,169,0.654321,0.455621,106,77,-0.1987,9.111781,Baja
2622,529,284,245,0,0.536862,0.463138,258,271,0.546512,0.527675,141,143,-0.018836,10.679091,Baja
2623,485,252,233,0,0.519588,0.480412,252,233,0.539683,0.497854,136,116,-0.041828,11.228465,Baja
2624,214,0,0,214,0.0,0.0,96,118,0.0,0.0,0,0,0.0,30.200264,Baja
2625,254,187,67,0,0.73622,0.26378,131,123,0.763359,0.707317,100,87,-0.056042,1.111178,Baja
2626,529,265,264,0,0.500945,0.499055,264,265,0.560606,0.441509,148,117,-0.119097,12.242848,Baja
2627,619,345,274,0,0.557351,0.442649,305,314,0.609836,0.506369,186,159,-0.103467,10.180102,Baja
2628,375,188,187,0,0.501333,0.498667,185,190,0.513514,0.489474,95,93,-0.02404,11.498544,Baja
2629,404,192,212,0,0.475248,0.524752,187,217,0.518717,0.437788,97,95,-0.080929,12.750519,Baja
2630,285,134,151,0,0.470175,0.529825,147,138,0.47619,0.463768,70,64,-0.012422,12.381655,Baja
2631,346,153,193,0,0.442197,0.557803,172,174,0.436047,0.448276,75,78,0.012229,13.867464,Baja
2632,295,149,146,0,0.505085,0.494915,145,150,0.524138,0.486667,76,73,-0.037471,10.962924,Baja
2633,190,97,93,0,0.510526,0.489474,92,98,0.543478,0.479592,50,47,-0.063886,10.244285,Baja
2634,228,0,0,228,0.0,0.0,107,121,0.0,0.0,0,0,0.0,30.221998,Baja
2635,229,104,125,0,0.454148,0.545852,104,125,0.509615,0.408,53,51,-0.101615,12.773262,Baja
2636,944,160,194,590,0.169492,0.205508,484,460,0.165289,0.173913,80,80,0.008624,25.757943,Baja
2637,389,218,171,0,0.560411,0.439589,188,201,0.659574,0.467662,124,94,-0.191913,9.045112,Baja
2638,575,263,312,0,0.457391,0.542609,299,276,0.481605,0.431159,144,119,-0.050446,14.369238,Baja
2639,273,131,142,0,0.479853,0.520147,138,135,0.5,0.459259,69,62,-0.040741,11.916986,Baja
2640,811,320,491,0,0.394575,0.605425,419,392,0.427208,0.359694,179,141,-0.067514,18.39748,Baja
2641,1329,489,840,0,0.367946,0.632054,672,657,0.41369,0.321157,278,211,-0.092534,22.49069,Baja
2642,185,74,111,0,0.4,0.6,92,93,0.434783,0.365591,40,34,-0.069191,14.791313,Baja
2643,268,137,131,0,0.511194,0.488806,125,143,0.544,0.482517,68,69,-0.061483,10.580188,Baja
2644,506,280,226,0,0.55336,0.44664,262,244,0.591603,0.512295,155,125,-0.079308,9.859781,Baja
2645,252,126,126,0,0.5,0.5,124,128,0.572581,0.429688,71,55,-0.142893,10.973268,Baja
2646,258,118,140,0,0.457364,0.542636,127,131,0.511811,0.40458,65,53,-0.107231,12.78447,Baja
2647,1938,481,811,646,0.248194,0.418473,1005,933,0.275622,0.21865,277,204,-0.056972,28.062674,Baja
2648,618,291,327,0,0.470874,0.529126,304,314,0.503289,0.43949,153,138,-0.063799,13.989725,Baja
2649,210,119,91,0,0.566667,0.433333,109,101,0.577982,0.554455,63,56,-0.023526,8.00721,Baja
2651,365,201,164,0,0.550685,0.449315,187,178,0.566845,0.533708,106,95,-0.033137,9.354093,Baja
2652,352,187,165,0,0.53125,0.46875,185,167,0.572973,0.48503,106,81,-0.087943,10.121058,Baja
2653,387,236,151,0,0.609819,0.390181,217,170,0.626728,0.588235,136,100,-0.038493,6.9299,Baja
2654,380,205,175,0,0.539474,0.460526,193,187,0.554404,0.524064,107,98,-0.03034,9.897733,Baja
2655,918,452,466,0,0.492375,0.507625,476,442,0.533613,0.447964,254,198,-0.08565,14.475554,Baja
2656,825,394,431,0,0.477576,0.522424,418,407,0.521531,0.432432,218,176,-0.089099,14.703157,Baja
2657,1254,510,744,0,0.406699,0.593301,653,601,0.447167,0.362729,292,218,-0.084438,20.206935,Baja
2658,112,63,49,0,0.5625,0.4375,57,55,0.596491,0.527273,34,29,-0.069219,7.755391,Baja
2659,134,93,41,0,0.69403,0.30597,74,60,0.72973,0.65,54,39,-0.07973,2.454538,Baja
2660,311,181,130,0,0.581994,0.418006,146,165,0.684932,0.490909,100,81,-0.194022,7.796253,Baja
2661,383,223,160,0,0.582245,0.417755,178,205,0.606742,0.560976,108,115,-0.045766,8.088677,Baja
2662,1374,658,716,0,0.478894,0.521106,700,674,0.518571,0.437685,363,295,-0.080886,17.314779,Baja
2663,399,201,198,0,0.503759,0.496241,198,201,0.515152,0.492537,102,99,-0.022614,11.508285,Baja
2664,416,219,197,0,0.526442,0.473558,217,199,0.59447,0.452261,129,90,-0.142209,10.617044,Baja
2665,725,297,428,0,0.409655,0.590345,364,361,0.447802,0.371191,163,134,-0.076611,17.257507,Baja
2666,721,344,377,0,0.477115,0.522885,368,353,0.483696,0.470255,178,166,-0.013441,14.216829,Baja
2667,5005,2707,2298,0,0.540859,0.459141,2625,2380,0.550095,0.530672,1444,1263,-0.019423,30.522014,Baja
2668,707,284,423,0,0.401697,0.598303,353,354,0.416431,0.387006,147,137,-0.029425,17.517471,Baja
2669,512,209,303,0,0.408203,0.591797,261,251,0.398467,0.418327,104,105,0.019859,16.190311,Baja
2670,806,291,515,0,0.361042,0.638958,428,378,0.408879,0.306878,175,116,-0.102,19.889476,Baja
2671,627,205,422,0,0.326954,0.673046,306,321,0.330065,0.323988,101,104,-0.006078,20.389696,Baja
2673,4480,1995,2485,0,0.445312,0.554688,2344,2136,0.461177,0.427903,1081,914,-0.033275,34.734631,Media
2674,1126,430,696,0,0.381883,0.618117,542,584,0.453875,0.315068,246,184,-0.138806,20.699957,Baja
2675,930,360,570,0,0.387097,0.612903,481,449,0.430353,0.340757,207,153,-0.089596,19.384989,Baja
2676,1729,809,920,0,0.467901,0.532099,893,836,0.484882,0.449761,433,376,-0.035122,19.604754,Baja
2677,955,594,361,0,0.62199,0.37801,508,447,0.633858,0.608501,322,272,-0.025357,8.658111,Baja
2678,1720,1129,591,0,0.656395,0.343605,871,849,0.655568,0.657244,571,558,0.001676,9.926035,Baja
2679,557,327,230,0,0.587074,0.412926,301,256,0.58804,0.585938,177,150,-0.002102,8.609954,Baja
2680,401,237,164,0,0.591022,0.408978,217,184,0.603687,0.576087,131,106,-0.0276,7.789445,Baja
2681,443,276,167,0,0.623025,0.376975,218,225,0.669725,0.577778,146,130,-0.091947,6.588046,Baja
2682,522,341,181,0,0.653257,0.346743,285,237,0.659649,0.64557,188,153,-0.01408,5.585165,Baja
2683,1024,319,193,512,0.311523,0.188477,545,479,0.330275,0.290188,180,139,-0.040087,20.169729,Baja
2684,1558,971,587,0,0.623235,0.376765,826,732,0.644068,0.599727,532,439,-0.044341,10.981306,Baja
2685,2311,1330,981,0,0.575508,0.424492,1242,1069,0.605475,0.540692,752,578,-0.064783,16.573077,Baja
2686,1024,217,295,512,0.211914,0.288086,509,515,0.223969,0.2,114,103,-0.023969,24.820085,Baja
2687,1031,371,660,0,0.359845,0.640155,535,496,0.388785,0.328629,208,163,-0.060156,21.208917,Baja
2688,1261,566,695,0,0.44885,0.55115,658,603,0.466565,0.429519,307,259,-0.037046,18.212802,Baja
2689,931,361,570,0,0.387755,0.612245,497,434,0.406439,0.366359,202,159,-0.040079,19.360094,Baja
2690,1601,785,816,0,0.490319,0.509681,864,737,0.498843,0.480326,431,354,-0.018517,17.844086,Baja
2691,12272,6077,6195,0,0.495192,0.504808,6465,5807,0.519258,0.4684,3357,2720,-0.050857,68.418805,Alta
2692,308,182,126,0,0.590909,0.409091,175,133,0.622857,0.548872,109,73,-0.073985,7.407984,Baja
2693,1775,945,830,0,0.532394,0.467606,954,821,0.578616,0.478685,552,393,-0.099932,16.512862,Baja
2694,7234,3374,3860,0,0.466409,0.533591,3833,3401,0.493869,0.43546,1893,1481,-0.058409,46.90599,Media
2695,1172,310,276,586,0.264505,0.235495,617,555,0.293355,0.232432,181,129,-0.060923,22.816211,Baja
2696,797,375,422,0,0.470514,0.529486,410,387,0.495122,0.444444,203,172,-0.050678,14.886143,Baja
2697,351,181,170,0,0.51567,0.48433,184,167,0.527174,0.502994,97,84,-0.02418,10.777237,Baja
2698,4065,1981,2084,0,0.487331,0.512669,2197,1868,0.523441,0.444861,1150,831,-0.07858,29.85239,Baja
2699,344,198,146,0,0.575581,0.424419,190,154,0.610526,0.532468,116,82,-0.078059,8.206831,Baja
2700,763,452,311,0,0.592398,0.407602,394,369,0.606599,0.577236,239,213,-0.029363,9.230904,Baja
2701,531,248,283,0,0.467043,0.532957,300,231,0.483333,0.445887,145,103,-0.037446,13.728759,Baja
2702,699,373,326,0,0.533619,0.466381,387,312,0.555556,0.50641,215,158,-0.049145,11.588343,Baja
2703,611,284,327,0,0.464812,0.535188,324,287,0.503086,0.421603,163,121,-0.081484,14.222396,Baja
2704,655,303,352,0,0.462595,0.537405,337,318,0.486647,0.437107,164,139,-0.04954,14.538716,Baja
2705,498,219,279,0,0.439759,0.560241,241,257,0.473029,0.40856,114,105,-0.064469,14.748223,Baja
2706,546,237,309,0,0.434066,0.565934,276,270,0.478261,0.388889,132,105,-0.089372,15.242224,Baja
2707,507,229,278,0,0.451677,0.548323,248,259,0.479839,0.42471,119,110,-0.055128,14.277058,Baja
2708,1019,528,491,0,0.518155,0.481845,559,460,0.538462,0.493478,301,227,-0.044983,13.755613,Baja
2709,307,202,105,0,0.65798,0.34202,173,134,0.66474,0.649254,115,87,-0.015486,4.578342,Baja
2710,457,263,194,0,0.575492,0.424508,245,212,0.591837,0.556604,145,118,-0.035233,8.691061,Baja
2711,645,367,278,0,0.568992,0.431008,340,305,0.594118,0.540984,202,165,-0.053134,9.778203,Baja
2712,725,417,308,0,0.575172,0.424828,384,341,0.627604,0.516129,241,176,-0.111475,9.84488,Baja
2713,197,85,112,0,0.431472,0.568528,104,93,0.471154,0.387097,49,36,-0.084057,13.551929,Baja
2714,441,187,254,0,0.424036,0.575964,236,205,0.487288,0.35122,115,72,-0.136069,15.132415,Baja
2715,962,389,573,0,0.404366,0.595634,473,489,0.427061,0.382413,202,187,-0.044648,18.759966,Baja
2716,745,332,413,0,0.445638,0.554362,384,361,0.510417,0.376731,196,136,-0.133685,15.747599,Baja
2717,1601,805,796,0,0.502811,0.497189,824,777,0.504854,0.500644,416,389,-0.004211,17.215041,Baja
2718,505,294,211,0,0.582178,0.417822,270,235,0.592593,0.570213,160,134,-0.02238,8.605078,Baja
2719,442,232,210,0,0.524887,0.475113,240,202,0.583333,0.455446,140,92,-0.127888,10.802562,Baja
2720,526,263,263,0,0.5,0.5,254,272,0.543307,0.459559,138,125,-0.083748,12.269804,Baja
2721,795,373,422,0,0.469182,0.530818,398,397,0.51005,0.428212,203,170,-0.081839,14.936552,Baja
2722,1356,838,518,0,0.617994,0.382006,733,623,0.622101,0.613162,456,382,-0.008939,10.439497,Baja
2723,491,235,256,0,0.478615,0.521385,256,235,0.496094,0.459574,127,108,-0.036519,13.030083,Baja
2724,486,0,0,486,0.0,0.0,263,223,0.0,0.0,0,0,0.0,30.622526,Baja
2725,580,0,0,580,0.0,0.0,313,267,0.0,0.0,0,0,0.0,30.768455,Baja
2726,268,132,136,0,0.492537,0.507463,146,122,0.5,0.483607,73,59,-0.016393,11.361505,Baja
2727,326,162,164,0,0.496933,0.503067,164,162,0.54878,0.444444,90,72,-0.104336,11.453021,Baja
2728,289,154,135,0,0.532872,0.467128,151,138,0.569536,0.492754,86,68,-0.076783,9.767326,Baja
2729,430,211,219,0,0.490698,0.509302,227,203,0.559471,0.413793,127,84,-0.145678,12.214694,Baja
2730,716,301,415,0,0.420391,0.579609,362,354,0.472376,0.367232,171,130,-0.105144,16.729561,Baja
2731,608,320,288,0,0.526316,0.473684,333,275,0.552553,0.494545,184,136,-0.058007,11.498854,Baja
2732,527,267,260,0,0.506641,0.493359,289,238,0.564014,0.436975,163,104,-0.127039,11.985466,Baja
2733,713,442,271,0,0.619916,0.380084,387,326,0.640827,0.595092,248,194,-0.045735,7.79343,Baja
2734,569,0,0,569,0.0,0.0,279,290,0.0,0.0,0,0,0.0,30.751378,Baja
2735,596,0,0,596,0.0,0.0,292,304,0.0,0.0,0,0,0.0,30.793293,Baja
2736,529,244,285,0,0.461248,0.538752,275,254,0.52,0.397638,143,101,-0.122362,13.97121,Baja
2737,1447,643,804,0,0.444368,0.555632,737,710,0.473541,0.414085,349,294,-0.059457,19.374755,Baja
2738,846,333,513,0,0.393617,0.606383,432,414,0.449074,0.335749,194,139,-0.113325,18.630181,Baja
2739,537,191,346,0,0.35568,0.64432,258,279,0.379845,0.333333,98,93,-0.046512,18.612653,Baja
2740,2140,617,810,713,0.288318,0.378505,1083,1057,0.298246,0.278146,323,294,-0.0201,26.757958,Baja
2741,1844,779,1065,0,0.422451,0.577549,931,913,0.442535,0.401972,412,367,-0.040563,22.531224,Baja
2742,2403,992,1411,0,0.412817,0.587183,1219,1184,0.429861,0.39527,524,468,-0.03459,25.986248,Baja
2743,2958,1241,1717,0,0.41954,0.58046,1507,1451,0.43862,0.399724,661,580,-0.038895,28.523581,Baja
2744,2151,886,1265,0,0.411901,0.588099,1036,1115,0.446911,0.379372,463,423,-0.067539,24.70343,Baja
2745,1004,423,581,0,0.421315,0.578685,516,488,0.436047,0.405738,225,198,-0.030309,18.19513,Baja
2746,1458,657,801,0,0.450617,0.549383,756,702,0.44709,0.454416,338,319,0.007326,19.121679,Baja
2747,313,152,161,0,0.485623,0.514377,163,150,0.539877,0.426667,88,64,-0.113211,11.868115,Baja
2748,202,122,80,0,0.60396,0.39604,113,89,0.646018,0.550562,73,49,-0.095456,6.426589,Baja
2749,559,217,342,0,0.388193,0.611807,297,262,0.424242,0.347328,126,91,-0.076914,17.31516,Baja
2750,253,0,0,253,0.0,0.0,145,108,0.0,0.0,0,0,0.0,30.260809,Baja
2751,684,404,280,0,0.590643,0.409357,345,339,0.631884,0.548673,218,186,-0.083211,8.981648,Baja
2752,491,218,273,0,0.443992,0.556008,239,252,0.502092,0.388889,120,98,-0.113203,14.529152,Baja
2753,529,230,299,0,0.434783,0.565217,265,264,0.422642,0.44697,112,118,0.024328,15.123452,Baja
2754,537,228,309,0,0.424581,0.575419,272,265,0.455882,0.392453,124,104,-0.06343,15.609304,Baja
2755,547,283,264,0,0.517367,0.482633,267,280,0.580524,0.457143,155,128,-0.123381,11.611036,Baja
2756,251,0,0,251,0.0,0.0,146,105,0.0,0.0,0,0,0.0,30.257704,Baja
2757,273,166,107,0,0.608059,0.391941,152,121,0.631579,0.578512,96,70,-0.053067,6.543858,Baja
2758,294,187,107,0,0.636054,0.363946,175,119,0.622857,0.655462,109,78,0.032605,5.451744,Baja
2759,385,218,167,0,0.566234,0.433766,205,180,0.595122,0.533333,122,96,-0.061789,8.779553,Baja
2760,410,261,149,0,0.636585,0.363415,226,184,0.650442,0.619565,147,114,-0.030877,5.877569,Baja
2761,759,443,316,0,0.583663,0.416337,389,370,0.598972,0.567568,233,210,-0.031404,9.607441,Baja
2762,1050,503,547,0,0.479048,0.520952,535,515,0.502804,0.454369,269,234,-0.048435,15.730955,Baja
2763,851,482,369,0,0.566392,0.433608,452,399,0.606195,0.521303,274,208,-0.084891,10.781108,Baja
2764,193,112,81,0,0.580311,0.419689,111,82,0.576577,0.585366,64,48,0.008789,7.369081,Baja
2765,408,0,0,408,0.0,0.0,213,195,0.0,0.0,0,0,0.0,30.501436,Baja
2766,333,149,184,0,0.447447,0.552553,172,161,0.511628,0.378882,88,61,-0.132746,13.579099,Baja
2767,420,205,215,0,0.488095,0.511905,227,193,0.550661,0.414508,125,80,-0.136153,12.278285,Baja
2768,355,184,171,0,0.51831,0.48169,180,175,0.566667,0.468571,102,82,-0.098095,10.683731,Baja
2769,601,319,282,0,0.530782,0.469218,305,296,0.57377,0.486486,175,144,-0.087284,11.270405,Baja
2770,693,326,367,0,0.470418,0.529582,373,320,0.482574,0.45625,180,146,-0.026324,14.378806,Baja
2771,409,189,220,0,0.462103,0.537897,220,189,0.481818,0.439153,106,83,-0.042665,13.337239,Baja
2772,362,236,126,0,0.651934,0.348066,186,176,0.698925,0.602273,130,106,-0.096652,5.040188,Baja
2773,393,241,152,0,0.613232,0.386768,202,191,0.59901,0.628272,121,120,0.029262,6.808481,Baja
2774,618,357,261,0,0.57767,0.42233,331,287,0.586103,0.567944,194,163,-0.018158,9.279566,Baja
2775,553,274,279,0,0.495479,0.504521,309,244,0.504854,0.483607,156,118,-0.021248,12.595082,Baja
2776,424,272,152,0,0.641509,0.358491,215,209,0.651163,0.631579,140,132,-0.019584,5.720559,Baja
2777,456,270,186,0,0.592105,0.407895,263,193,0.623574,0.549223,164,106,-0.074351,7.971223,Baja
2778,322,193,129,0,0.599379,0.400621,179,143,0.603352,0.594406,108,85,-0.008946,7.108526,Baja
2779,352,206,146,0,0.585227,0.414773,185,167,0.6,0.568862,111,95,-0.031138,7.831733,Baja
2780,429,218,211,0,0.508159,0.491841,237,192,0.531646,0.479167,126,92,-0.052479,11.460792,Baja
2781,507,279,228,0,0.550296,0.449704,266,241,0.590226,0.506224,157,122,-0.084001,9.997139,Baja
2782,411,225,186,0,0.547445,0.452555,216,195,0.541667,0.553846,117,108,0.012179,9.695553,Baja
2783,957,502,455,0,0.524556,0.475444,490,467,0.565306,0.481799,277,225,-0.083507,13.173291,Baja
2784,664,410,254,0,0.61747,0.38253,358,306,0.645251,0.584967,231,179,-0.060284,7.707525,Baja
2785,423,216,207,0,0.510638,0.489362,225,198,0.528889,0.489899,119,97,-0.03899,11.326417,Baja
2786,456,277,179,0,0.607456,0.392544,258,198,0.600775,0.616162,155,122,0.015386,7.309998,Baja
2787,382,169,213,0,0.442408,0.557592,214,168,0.481308,0.392857,103,66,-0.088451,14.042018,Baja
2788,518,0,0,518,0.0,0.0,292,226,0.0,0.0,0,0,0.0,30.672204,Baja
2789,493,261,232,0,0.529412,0.470588,253,240,0.561265,0.495833,142,119,-0.065431,10.839847,Baja
2790,433,211,222,0,0.487298,0.512702,218,215,0.541284,0.432558,118,93,-0.108726,12.375011,Baja
2791,663,311,352,0,0.46908,0.53092,334,329,0.508982,0.428571,170,141,-0.080411,14.290624,Baja
2792,341,155,186,0,0.454545,0.545455,189,152,0.534392,0.355263,101,54,-0.179128,13.319078,Baja
2793,346,156,190,0,0.450867,0.549133,164,182,0.518293,0.39011,85,71,-0.128183,13.500054,Baja
2794,386,155,231,0,0.401554,0.598446,196,190,0.438776,0.363158,86,69,-0.075618,15.803973,Baja
2795,435,188,247,0,0.432184,0.567816,213,222,0.474178,0.391892,101,87,-0.082287,14.751262,Baja
2796,610,298,312,0,0.488525,0.511475,325,285,0.544615,0.424561,177,121,-0.120054,13.172812,Baja
2797,453,199,254,0,0.439294,0.560706,232,221,0.491379,0.384615,114,85,-0.106764,14.53809,Baja
2798,939,360,579,0,0.383387,0.616613,479,460,0.415449,0.35,199,161,-0.065449,19.605246,Baja
2799,809,321,488,0,0.396786,0.603214,422,387,0.438389,0.351421,185,136,-0.086967,18.28645,Baja
2800,980,375,605,0,0.382653,0.617347,481,499,0.401247,0.364729,193,182,-0.036518,19.863696,Baja
2801,650,238,412,0,0.366154,0.633846,311,339,0.398714,0.336283,124,114,-0.062431,18.786972,Baja
2802,405,167,238,0,0.412346,0.587654,195,210,0.430769,0.395238,84,83,-0.035531,15.444448,Baja
2803,372,141,231,0,0.379032,0.620968,204,168,0.401961,0.35119,82,59,-0.05077,16.687053,Baja
2804,4688,1976,2712,0,0.421502,0.578498,2413,2275,0.44799,0.393407,1081,895,-0.054583,37.457591,Media
2805,765,260,505,0,0.339869,0.660131,373,392,0.383378,0.298469,143,117,-0.084909,20.612846,Baja
2806,496,192,304,0,0.387097,0.612903,260,236,0.384615,0.389831,100,92,0.005215,17.019767,Baja
2807,2026,568,1458,0,0.280355,0.719645,1022,1004,0.311155,0.249004,318,250,-0.062151,31.021429,Baja
2809,2728,847,1881,0,0.310484,0.689516,1349,1379,0.335804,0.285714,453,394,-0.05009,33.590656,Media
2810,1211,197,409,605,0.162675,0.337737,584,627,0.196918,0.130781,115,82,-0.066136,27.813436,Baja
2811,398,154,244,0,0.386935,0.613065,208,190,0.394231,0.378947,82,72,-0.015283,16.492607,Baja
2812,547,0,0,547,0.0,0.0,278,269,0.0,0.0,0,0,0.0,30.717224,Baja
2813,729,262,467,0,0.359396,0.640604,370,359,0.402703,0.314763,149,113,-0.087939,19.530829,Baja
2814,691,260,431,0,0.376266,0.623734,349,342,0.386819,0.365497,135,125,-0.021322,18.56518,Baja
2815,630,264,366,0,0.419048,0.580952,334,296,0.452096,0.381757,151,113,-0.070339,16.338438,Baja
2816,720,0,0,720,0.0,0.0,357,363,0.0,0.0,0,0,0.0,30.985795,Baja
2817,528,227,301,0,0.429924,0.570076,263,265,0.471483,0.388679,124,103,-0.082804,15.329799,Baja
2818,550,262,288,0,0.476364,0.523636,302,248,0.52649,0.415323,159,103,-0.111167,13.415611,Baja
2819,259,114,145,0,0.440154,0.559846,136,123,0.470588,0.406504,64,50,-0.064084,13.509215,Baja
2820,445,210,235,0,0.47191,0.52809,225,220,0.52,0.422727,117,93,-0.097273,13.094502,Baja
2821,525,245,280,0,0.466667,0.533333,266,259,0.488722,0.444015,130,115,-0.044706,13.7155,Baja
2822,440,225,215,0,0.511364,0.488636,231,209,0.584416,0.430622,135,90,-0.153794,11.37454,Baja
2823,481,237,244,0,0.492723,0.507277,245,236,0.534694,0.449153,131,106,-0.085541,12.371454,Baja
2824,379,192,187,0,0.506596,0.493404,198,181,0.525253,0.486188,104,88,-0.039065,11.293317,Baja
2825,397,176,221,0,0.443325,0.556675,213,184,0.450704,0.434783,96,80,-0.015922,14.079354,Baja
2826,401,209,192,0,0.521197,0.478803,203,198,0.522167,0.520202,106,103,-0.001965,10.77269,Baja
2827,588,268,320,0,0.455782,0.544218,313,275,0.482428,0.425455,151,117,-0.056974,14.504931,Baja
2828,473,229,244,0,0.484144,0.515856,246,227,0.544715,0.418502,134,95,-0.126213,12.703721,Baja
2829,281,147,134,0,0.523132,0.476868,137,144,0.59854,0.451389,82,65,-0.147151,10.139858,Baja
2830,1058,482,576,0,0.455577,0.544423,532,526,0.515038,0.395437,274,208,-0.1196,16.870718,Baja
2831,950,440,510,0,0.463158,0.536842,484,466,0.510331,0.414163,247,193,-0.096167,15.978793,Baja
2832,695,331,364,0,0.476259,0.523741,358,337,0.505587,0.445104,181,150,-0.060483,14.128194,Baja
2833,1137,653,484,0,0.574318,0.425682,594,543,0.585859,0.561694,348,305,-0.024164,11.637959,Baja
2834,544,274,270,0,0.503676,0.496324,307,237,0.527687,0.472574,162,112,-0.055113,12.19456,Baja
2835,1251,500,751,0,0.39968,0.60032,625,626,0.4256,0.373802,266,234,-0.051798,20.528746,Baja
2836,562,297,265,0,0.52847,0.47153,297,265,0.535354,0.520755,159,138,-0.014599,11.194653,Baja
2837,602,0,0,602,0.0,0.0,306,296,0.0,0.0,0,0,0.0,30.802608,Baja
2838,271,143,128,0,0.527675,0.472325,136,135,0.566176,0.488889,77,66,-0.077288,9.903644,Baja
2839,348,151,197,0,0.433908,0.566092,192,156,0.447917,0.416667,86,65,-0.03125,14.228989,Baja
2840,193,96,97,0,0.497409,0.502591,98,95,0.520408,0.473684,51,45,-0.046724,10.801345,Baja
2841,264,128,136,0,0.484848,0.515152,132,132,0.537879,0.431818,71,57,-0.106061,11.664189,Baja
2842,481,211,270,0,0.438669,0.561331,256,225,0.476562,0.395556,122,89,-0.081007,14.708376,Baja
2843,493,238,255,0,0.482759,0.517241,244,249,0.491803,0.473896,120,118,-0.017908,12.860364,Baja
2844,430,200,230,0,0.465116,0.534884,218,212,0.53211,0.396226,116,84,-0.135884,13.31236,Baja
2845,375,0,0,375,0.0,0.0,187,188,0.0,0.0,0,0,0.0,30.450206,Baja
2846,501,225,276,0,0.449102,0.550898,251,250,0.494024,0.404,124,101,-0.090024,14.358464,Baja
2847,758,312,446,0,0.411609,0.588391,367,391,0.474114,0.352941,174,138,-0.121173,17.344683,Baja
2848,1525,677,848,0,0.443934,0.556066,779,746,0.455712,0.431635,355,322,-0.024077,19.793041,Baja
2849,3472,1053,2419,0,0.303283,0.696717,1766,1706,0.330691,0.274912,584,469,-0.055779,38.456027,Media
2850,2178,166,560,1452,0.076217,0.257117,1128,1050,0.082447,0.069524,93,73,-0.012923,33.748263,Media
2851,1481,565,916,0,0.381499,0.618501,753,728,0.407703,0.354396,307,258,-0.053307,22.665446,Baja
2852,334,145,189,0,0.434132,0.565868,157,177,0.528662,0.350282,83,62,-0.17838,14.147397,Baja
2853,698,330,368,0,0.472779,0.527221,356,342,0.539326,0.403509,192,138,-0.135817,14.298079,Baja
2854,627,283,344,0,0.451356,0.548644,314,313,0.5,0.402556,157,126,-0.097444,14.895928,Baja
2855,549,293,256,0,0.533698,0.466302,277,272,0.545126,0.522059,151,142,-0.023068,10.907214,Baja
2856,512,235,277,0,0.458984,0.541016,244,268,0.47541,0.44403,116,119,-0.03138,13.984873,Baja
2857,277,148,129,0,0.534296,0.465704,156,121,0.557692,0.504132,87,61,-0.05356,9.653332,Baja
2858,246,124,122,0,0.504065,0.495935,128,118,0.59375,0.40678,76,48,-0.18697,10.775207,Baja
2859,336,190,146,0,0.565476,0.434524,171,165,0.619883,0.509091,106,84,-0.110792,8.600382,Baja
2860,418,177,241,0,0.423445,0.576555,211,207,0.488152,0.357488,103,74,-0.130664,15.037799,Baja
2861,612,243,369,0,0.397059,0.602941,300,312,0.376667,0.416667,113,130,0.04,17.212958,Baja
2862,495,225,270,0,0.454545,0.545455,247,248,0.518219,0.391129,128,97,-0.12709,14.0923,Baja
2863,1531,722,809,0,0.471587,0.528413,773,758,0.495472,0.44723,383,339,-0.048243,18.443424,Baja
2864,413,200,213,0,0.484262,0.515738,186,227,0.510753,0.462555,95,105,-0.048198,12.408719,Baja
2865,380,221,159,0,0.581579,0.418421,196,184,0.591837,0.570652,116,105,-0.021185,8.104436,Baja
2866,394,209,185,0,0.530457,0.469543,212,182,0.570755,0.483516,121,88,-0.087238,10.345302,Baja
2867,319,161,158,0,0.504702,0.495298,154,165,0.590909,0.424242,91,70,-0.166667,11.091858,Baja
2868,518,256,262,0,0.494208,0.505792,274,244,0.536496,0.446721,147,109,-0.089775,12.483696,Baja
2869,751,306,445,0,0.407457,0.592543,377,374,0.437666,0.377005,165,141,-0.06066,17.494292,Baja
2870,701,0,0,701,0.0,0.0,356,345,0.0,0.0,0,0,0.0,30.956299,Baja
2871,908,206,248,454,0.226872,0.273128,457,451,0.245077,0.208426,112,94,-0.036651,23.740198,Baja
2872,787,358,429,0,0.454892,0.545108,383,404,0.503916,0.408416,193,165,-0.095501,15.542753,Baja
2873,280,130,150,0,0.464286,0.535714,154,126,0.474026,0.452381,73,57,-0.021645,12.60415,Baja
2874,213,109,104,0,0.511737,0.488263,110,103,0.527273,0.495146,58,51,-0.032127,10.301297,Baja
2875,347,174,173,0,0.501441,0.498559,162,185,0.561728,0.448649,91,83,-0.11308,11.361729,Baja
2876,341,156,185,0,0.457478,0.542522,180,161,0.538889,0.36646,97,59,-0.172429,13.194906,Baja
2877,429,191,238,0,0.445221,0.554779,218,211,0.481651,0.407583,105,86,-0.074068,14.160942,Baja
2878,316,186,130,0,0.588608,0.411392,170,146,0.617647,0.554795,105,81,-0.062853,7.538301,Baja
2879,2078,675,710,693,0.324832,0.341675,1052,1026,0.335551,0.31384,353,322,-0.021711,24.558897,Baja
2880,645,242,403,0,0.375194,0.624806,340,305,0.391176,0.357377,133,109,-0.033799,18.358805,Baja
2881,446,0,0,446,0.0,0.0,217,229,0.0,0.0,0,0,0.0,30.560428,Baja
2882,328,129,199,0,0.393293,0.606707,152,176,0.447368,0.346591,68,61,-0.100778,15.842357,Baja
2883,338,146,192,0,0.431953,0.568047,173,165,0.462428,0.4,80,66,-0.062428,14.260227,Baja
2884,297,121,176,0,0.407407,0.592593,137,160,0.430657,0.3875,59,62,-0.043157,15.080926,Baja
2885,833,307,526,0,0.368547,0.631453,400,433,0.42,0.321016,168,139,-0.098984,19.699821,Baja
2886,391,175,216,0,0.44757,0.55243,189,202,0.481481,0.415842,91,84,-0.06564,13.867688,Baja
2887,1344,466,878,0,0.346726,0.653274,680,664,0.395588,0.296687,269,197,-0.098901,23.608101,Baja
2888,981,365,616,0,0.372069,0.627931,496,485,0.403226,0.340206,200,165,-0.06302,20.360392,Baja
2889,731,223,508,0,0.305062,0.694938,337,394,0.311573,0.299492,105,118,-0.01208,21.97752,Baja
2890,392,169,223,0,0.431122,0.568878,185,207,0.491892,0.376812,91,78,-0.11508,14.574537,Baja
2891,375,157,218,0,0.418667,0.581333,193,182,0.419689,0.417582,81,76,-0.002107,15.016755,Baja
2892,473,222,251,0,0.469345,0.530655,248,225,0.479839,0.457778,119,103,-0.022061,13.34278,Baja
2893,289,160,129,0,0.553633,0.446367,144,145,0.583333,0.524138,84,76,-0.059195,8.895101,Baja
2894,503,261,242,0,0.518887,0.481113,267,236,0.509363,0.529661,136,125,0.020298,11.341799,Baja
2895,473,276,197,0,0.58351,0.41649,260,213,0.588462,0.577465,153,123,-0.010997,8.412891,Baja
2896,470,303,167,0,0.644681,0.355319,252,218,0.646825,0.642202,163,140,-0.004624,5.759944,Baja
2897,268,0,0,268,0.0,0.0,154,114,0.0,0.0,0,0,0.0,30.284095,Baja
2898,356,182,174,0,0.511236,0.488764,183,173,0.508197,0.514451,93,89,0.006254,10.98855,Baja
2899,261,116,145,0,0.444444,0.555556,144,117,0.5,0.376068,72,44,-0.123932,13.339971,Baja
2900,253,118,135,0,0.466403,0.533597,130,123,0.523077,0.406504,68,50,-0.116573,12.381784,Baja
2901,736,320,416,0,0.434783,0.565217,367,369,0.487738,0.382114,179,141,-0.105625,16.188796,Baja
2902,700,278,422,0,0.397143,0.602857,347,353,0.435159,0.359773,151,127,-0.075385,17.683217,Baja
2903,719,289,430,0,0.401947,0.598053,357,362,0.428571,0.375691,153,136,-0.052881,17.570575,Baja
2904,419,171,248,0,0.408115,0.591885,201,218,0.427861,0.389908,86,85,-0.037952,15.699754,Baja
2905,531,210,321,0,0.39548,0.60452,262,269,0.416031,0.375465,109,101,-0.040566,16.845403,Baja
2906,1351,470,881,0,0.34789,0.65211,696,655,0.387931,0.305344,270,200,-0.082588,23.591272,Baja
2907,668,268,400,0,0.401198,0.598802,335,333,0.414925,0.387387,139,129,-0.027538,17.330747,Baja
2908,139,68,71,0,0.489209,0.510791,67,72,0.597015,0.388889,40,28,-0.208126,10.881641,Baja
2909,646,275,371,0,0.425697,0.574303,342,304,0.47076,0.375,161,114,-0.09576,16.127952,Baja
2910,462,215,247,0,0.465368,0.534632,224,238,0.450893,0.478992,101,114,0.028099,13.460027,Baja
2911,353,172,181,0,0.487252,0.512748,177,176,0.531073,0.443182,94,78,-0.087892,11.991942,Baja
2912,174,85,89,0,0.488506,0.511494,102,72,0.490196,0.486111,50,35,-0.004085,11.078674,Baja
2913,299,0,0,299,0.0,0.0,170,129,0.0,0.0,0,0,0.0,30.332221,Baja
2914,225,115,110,0,0.511111,0.488889,121,104,0.520661,0.5,63,52,-0.020661,10.383228,Baja
2915,478,241,237,0,0.504184,0.495816,239,239,0.531381,0.476987,127,114,-0.054393,11.861862,Baja
2916,236,109,127,0,0.461864,0.538136,120,116,0.5,0.422414,60,49,-0.077586,12.486863,Baja
2917,465,214,251,0,0.460215,0.539785,217,248,0.465438,0.455645,101,113,-0.009793,13.697135,Baja
2918,292,137,155,0,0.469178,0.530822,154,138,0.519481,0.413043,80,57,-0.106437,12.458026,Baja
2919,415,193,222,0,0.46506,0.53494,205,210,0.482927,0.447619,99,94,-0.035308,13.240453,Baja
2920,281,0,0,281,0.0,0.0,151,130,0.0,0.0,0,0,0.0,30.304277,Baja
2921,616,304,312,0,0.493506,0.506494,306,310,0.513072,0.474194,157,147,-0.038878,12.981981,Baja
2922,1028,490,538,0,0.476654,0.523346,532,496,0.486842,0.465726,259,231,-0.021116,15.735746,Baja
2923,528,231,297,0,0.4375,0.5625,268,260,0.470149,0.403846,126,105,-0.066303,15.000012,Baja
2924,558,0,0,558,0.0,0.0,274,284,0.0,0.0,0,0,0.0,30.734301,Baja
2925,370,175,195,0,0.472973,0.527027,184,186,0.532609,0.413978,98,77,-0.11863,12.681014,Baja
2926,254,102,152,0,0.401575,0.598425,130,124,0.423077,0.379032,55,47,-0.044045,15.095879,Baja
2927,523,216,307,0,0.413002,0.586998,269,254,0.438662,0.385827,118,98,-0.052835,16.040035,Baja
2928,258,146,112,0,0.565891,0.434109,133,125,0.609023,0.52,81,65,-0.089023,8.246406,Baja
2929,317,155,162,0,0.488959,0.511041,164,153,0.585366,0.385621,96,59,-0.199745,11.746663,Baja
2930,384,192,192,0,0.5,0.5,193,191,0.53886,0.460733,104,88,-0.078127,11.597876,Baja
2931,252,119,133,0,0.472222,0.527778,135,117,0.444444,0.504274,60,59,0.059829,12.133736,Baja
2932,211,116,95,0,0.549763,0.450237,111,100,0.594595,0.5,66,50,-0.094595,8.713292,Baja
2933,485,233,252,0,0.480412,0.519588,251,234,0.505976,0.452991,127,106,-0.052985,12.923127,Baja
2934,242,134,108,0,0.553719,0.446281,128,114,0.5625,0.54386,72,62,-0.01864,8.685154,Baja
2935,386,160,226,0,0.414508,0.585492,191,195,0.471204,0.358974,90,70,-0.11223,15.251784,Baja
2936,319,156,163,0,0.489028,0.510972,169,150,0.473373,0.506667,80,76,0.033294,11.753345,Baja
2937,439,195,244,0,0.444191,0.555809,216,223,0.486111,0.403587,105,90,-0.082524,14.256003,Baja
2938,520,256,264,0,0.492308,0.507692,279,241,0.505376,0.477178,141,115,-0.028198,12.575882,Baja
2939,651,287,364,0,0.44086,0.55914,315,336,0.460317,0.422619,145,142,-0.037698,15.482013,Baja
2940,422,207,215,0,0.490521,0.509479,212,210,0.542453,0.438095,115,92,-0.104358,12.183924,Baja
2941,307,148,159,0,0.482085,0.517915,157,150,0.535032,0.426667,84,64,-0.108365,11.988233,Baja
2942,454,229,225,0,0.504405,0.495595,232,222,0.5,0.509009,116,113,0.009009,11.73941,Baja
2943,214,87,127,0,0.406542,0.593458,112,102,0.401786,0.411765,45,42,0.009979,14.675253,Baja
2944,385,200,185,0,0.519481,0.480519,203,182,0.571429,0.461538,116,84,-0.10989,10.772298,Baja
2945,133,59,74,0,0.443609,0.556391,68,65,0.514706,0.369231,35,24,-0.145475,12.723341,Baja
2946,233,114,119,0,0.48927,0.51073,128,105,0.554688,0.409524,71,43,-0.145164,11.330315,Baja
2947,295,128,167,0,0.433898,0.566102,163,132,0.429448,0.439394,70,58,0.009946,13.956335,Baja
2948,4006,1188,2150,668,0.296555,0.536695,2029,1977,0.322819,0.2696,655,533,-0.053219,37.844787,Media
2949,493,189,304,0,0.383367,0.616633,253,240,0.407115,0.358333,103,86,-0.048781,17.164945,Baja
2950,499,181,318,0,0.362725,0.637275,250,249,0.396,0.329317,99,82,-0.066683,18.092552,Baja
2951,1542,506,1036,0,0.328145,0.671855,775,767,0.35871,0.297262,278,228,-0.061448,25.666667,Baja
2953,201,3,198,0,0.014925,0.985075,93,108,0.010753,0.018519,1,2,0.007766,30.839526,Baja
2954,85,7,78,0,0.082353,0.917647,32,53,0.0625,0.09434,2,5,0.03184,27.187512,Baja
2955,162,38,124,0,0.234568,0.765432,85,77,0.258824,0.207792,22,16,-0.051031,21.484411,Baja
2956,540,206,334,0,0.381481,0.618519,279,261,0.383513,0.37931,107,99,-0.004202,17.504432,Baja
2957,133,0,0,133,0.0,0.0,58,75,0.0,0.0,0,0,0.0,30.074517,Baja
2958,326,168,158,0,0.515337,0.484663,163,163,0.496933,0.533742,81,87,0.03681,10.675461,Baja
2959,185,97,88,0,0.524324,0.475676,93,92,0.591398,0.456522,55,42,-0.134876,9.650401,Baja
2960,172,0,0,172,0.0,0.0,90,82,0.0,0.0,0,0,0.0,30.135062,Baja
2961,822,375,320,127,0.456204,0.389294,424,398,0.516509,0.39196,219,156,-0.12455,14.851244,Baja
2962,343,186,157,0,0.542274,0.457726,178,165,0.58427,0.49697,104,82,-0.0873,9.61333,Baja
2963,344,0,0,344,0.0,0.0,167,177,0.0,0.0,0,0,0.0,30.40208,Baja
2964,201,0,0,201,0.0,0.0,88,113,0.0,0.0,0,0,0.0,30.180082,Baja
2965,198,108,90,0,0.545455,0.454545,92,106,0.5,0.584906,46,62,0.084906,8.834406,Baja
2966,468,248,220,0,0.529915,0.470085,229,239,0.580786,0.481172,133,115,-0.099614,10.704531,Baja
2967,458,252,206,0,0.550218,0.449782,226,232,0.615044,0.487069,139,113,-0.127975,9.784288,Baja
2968,130,69,61,0,0.530769,0.469231,59,71,0.627119,0.450704,37,32,-0.176414,9.134407,Baja
2969,146,82,64,0,0.561644,0.438356,64,82,0.578125,0.54878,37,45,-0.029345,7.937953,Baja
2970,209,104,105,0,0.497608,0.502392,110,99,0.509091,0.484848,56,48,-0.024242,10.869088,Baja
2971,202,138,64,0,0.683168,0.316832,95,107,0.631579,0.728972,60,78,0.097393,3.142714,Baja
2973,369,186,183,0,0.504065,0.495935,182,187,0.554945,0.454545,101,85,-0.1004,11.354049,Baja
2974,813,469,344,0,0.576876,0.423124,403,410,0.637717,0.517073,257,212,-0.120644,10.141983,Baja
2975,605,360,245,0,0.595041,0.404959,306,299,0.617647,0.571906,189,171,-0.045741,8.459756,Baja
2976,347,0,0,347,0.0,0.0,186,161,0.0,0.0,0,0,0.0,30.406738,Baja
2977,284,152,132,0,0.535211,0.464789,141,143,0.510638,0.559441,72,80,0.048802,9.646507,Baja
2978,172,109,63,0,0.633721,0.366279,85,87,0.647059,0.62069,55,54,-0.026369,5.076302,Baja
2979,736,367,369,0,0.498641,0.501359,358,378,0.544693,0.455026,195,172,-0.089666,13.324442,Baja
2982,197,115,82,0,0.583756,0.416244,96,101,0.635417,0.534653,61,54,-0.100763,7.24323,Baja
2983,401,264,137,0,0.658354,0.341646,191,210,0.680628,0.638095,130,134,-0.042533,4.912744,Baja
2984,691,516,175,0,0.746744,0.253256,360,331,0.780556,0.70997,281,235,-0.070586,2.053581,Baja
2985,349,230,119,0,0.659026,0.340974,179,170,0.692737,0.623529,124,106,-0.069208,4.690573,Baja
2987,944,398,546,0,0.42161,0.57839,486,458,0.469136,0.371179,228,170,-0.097957,17.867554,Baja
2988,12968,4898,7351,719,0.377699,0.566857,6599,6369,0.400818,0.353745,2645,2253,-0.047074,81.570409,Alta
2989,1060,289,771,0,0.272642,0.727358,541,519,0.2939,0.250482,159,130,-0.043418,25.463117,Baja
2990,510,230,280,0,0.45098,0.54902,235,275,0.459574,0.443636,108,122,-0.015938,14.3224,Baja
2991,431,184,247,0,0.426914,0.573086,222,209,0.45045,0.401914,100,84,-0.048537,14.956761,Baja
2992,251,172,79,0,0.685259,0.314741,117,134,0.735043,0.641791,86,86,-0.093252,3.230176,Baja
2993,581,335,246,0,0.576592,0.423408,288,293,0.583333,0.569966,168,167,-0.013367,9.170044,Baja
2994,251,127,124,0,0.505976,0.494024,122,129,0.540984,0.472868,66,61,-0.068115,10.718912,Baja
2995,11476,2896,7863,717,0.252353,0.685169,5780,5696,0.263495,0.241046,1523,1373,-0.022448,87.545645,Alta
2996,1083,406,677,0,0.374885,0.625115,527,556,0.421252,0.330935,222,184,-0.090317,20.793531,Baja
3790,1305,183,470,652,0.14023,0.360153,644,661,0.14441,0.136157,93,90,-0.008253,29.248996,Baja
3791,1318,507,811,0,0.384674,0.615326,667,651,0.416792,0.351767,278,229,-0.065025,21.617171,Baja
3792,1204,396,808,0,0.328904,0.671096,596,608,0.354027,0.304276,211,185,-0.049751,23.661648,Baja
3793,1384,388,996,0,0.280347,0.719653,707,677,0.299859,0.25997,212,176,-0.039888,27.087301,Baja
3794,730,301,429,0,0.412329,0.587671,370,360,0.440541,0.383333,163,138,-0.057207,17.164218,Baja
3795,1208,340,868,0,0.281457,0.718543,600,608,0.321667,0.241776,193,147,-0.07989,25.955535,Baja
3796,853,312,541,0,0.365768,0.634232,433,420,0.381062,0.35,165,147,-0.031062,19.93792,Baja
3797,976,365,611,0,0.373975,0.626025,472,504,0.419492,0.331349,198,167,-0.088142,20.244259,Baja
3798,519,190,329,0,0.366089,0.633911,259,260,0.401544,0.330769,104,86,-0.070775,18.058435,Baja
3799,1073,457,616,0,0.425909,0.574091,554,519,0.415162,0.43738,230,227,0.022217,18.340251,Baja
3800,802,332,470,0,0.413965,0.586035,408,394,0.42402,0.403553,173,159,-0.020466,17.470969,Baja
3801,1190,508,682,0,0.426891,0.573109,599,591,0.447412,0.406091,268,240,-0.041321,18.902118,Baja
3802,740,308,432,0,0.416216,0.583784,382,358,0.431937,0.399441,165,143,-0.032496,17.042643,Baja
3803,742,343,399,0,0.462264,0.537736,391,351,0.491049,0.430199,192,151,-0.060849,14.985955,Baja
3804,1097,493,604,0,0.449407,0.550593,582,515,0.482818,0.41165,281,212,-0.071167,17.357152,Baja
3805,816,265,551,0,0.324755,0.675245,389,427,0.344473,0.306792,134,131,-0.037681,21.591741,Baja
3806,738,351,387,0,0.47561,0.52439,382,356,0.479058,0.47191,183,168,-0.007147,14.367286,Baja
3807,484,220,264,0,0.454545,0.545455,265,219,0.471698,0.43379,125,95,-0.037908,14.03707,Baja
3808,677,0,0,677,0.0,0.0,358,319,0.0,0.0,0,0,0.0,30.919041,Baja
3809,750,341,409,0,0.454667,0.545333,389,361,0.521851,0.382271,203,138,-0.139579,15.367188,Baja
3810,954,213,264,477,0.22327,0.27673,506,448,0.225296,0.220982,114,99,-0.004314,24.058053,Baja
3811,737,375,362,0,0.50882,0.49118,408,329,0.52451,0.489362,214,161,-0.035148,12.872578,Baja
3812,897,426,471,0,0.474916,0.525084,472,425,0.53178,0.411765,251,175,-0.120015,15.176126,Baja
3813,799,428,371,0,0.53567,0.46433,416,383,0.591346,0.475196,246,182,-0.11615,11.947374,Baja
3814,624,326,298,0,0.522436,0.477564,338,286,0.535503,0.506993,181,145,-0.02851,11.743154,Baja
3815,788,409,379,0,0.519036,0.480964,434,354,0.564516,0.463277,245,164,-0.101239,12.649432,Baja
3816,1214,411,803,0,0.33855,0.66145,615,599,0.35122,0.325543,216,195,-0.025677,23.257832,Baja
3817,1320,524,796,0,0.39697,0.60303,671,649,0.403875,0.389831,271,253,-0.014044,21.03091,Baja
3818,1007,369,638,0,0.366435,0.633565,516,491,0.368217,0.364562,190,179,-0.003655,20.767008,Baja
3819,793,342,451,0,0.431274,0.568726,414,379,0.442029,0.419525,183,159,-0.022504,16.640817,Baja
3820,1164,458,706,0,0.393471,0.606529,594,570,0.422559,0.363158,251,207,-0.059401,20.356996,Baja
3821,1534,622,912,0,0.405476,0.594524,804,730,0.419154,0.390411,337,285,-0.028743,21.759032,Baja
3822,521,229,292,0,0.439539,0.560461,264,257,0.473485,0.404669,125,104,-0.068816,14.875421,Baja
3823,1244,268,354,622,0.215434,0.284566,617,627,0.220421,0.210526,136,132,-0.009895,25.395381,Baja
3824,691,257,434,0,0.371925,0.628075,355,336,0.397183,0.345238,141,116,-0.051945,18.758675,Baja
3825,577,251,326,0,0.435009,0.564991,287,290,0.425087,0.444828,122,129,0.01974,15.360577,Baja
3826,1063,435,628,0,0.409219,0.590781,521,542,0.441459,0.378229,230,205,-0.06323,19.071524,Baja
3827,858,383,475,0,0.446387,0.553613,446,412,0.484305,0.40534,216,167,-0.078965,16.287171,Baja
3828,1336,262,406,668,0.196108,0.303892,705,631,0.201418,0.190174,142,120,-0.011244,26.64529,Baja
3829,1218,284,325,609,0.233169,0.266831,628,590,0.243631,0.222034,153,131,-0.021597,24.458114,Baja
3830,1297,612,685,0,0.471858,0.528142,698,599,0.510029,0.427379,356,256,-0.08265,17.280767,Baja
3831,952,224,252,476,0.235294,0.264706,501,451,0.255489,0.21286,128,96,-0.042629,23.495597,Baja
3832,639,215,424,0,0.336463,0.663537,325,314,0.32,0.353503,104,111,0.033503,20.039006,Baja
3833,587,270,317,0,0.459966,0.540034,320,267,0.5125,0.397004,164,106,-0.115496,14.316228,Baja
3834,885,0,0,885,0.0,0.0,446,439,0.0,0.0,0,0,0.0,31.241947,Baja
3835,464,169,295,0,0.364224,0.635776,243,221,0.37037,0.357466,90,79,-0.012904,17.831754,Baja
3836,635,259,376,0,0.407874,0.592126,306,329,0.408497,0.407295,125,134,-0.001202,16.858682,Baja
3837,420,125,295,0,0.297619,0.702381,197,223,0.350254,0.251121,69,56,-0.099133,20.439267,Baja
